Medio,Programa,Autor,Canal
88.9 Noticias,Panorama Informativo,Alejandro Villavazo,Radio nacional
88.9 Noticias,Panorama Informativo,Iñaki Manero,Radio nacional
88.9 Noticias,Panorama Informativo,Jaquelin Servín,Radio nacional
Acir 92.5 FM,Panorama Informativo Pachuca,Edmundo Pineda,Radio local
Acir 92.5 FM,Panorama Informativo Pachuca,Eulalio Larrieta,Radio local
Acir 92.5 FM,Panorama Informativo Pachuca,Julio Valera,Radio local
Acir 92.5 FM,Panorama Informativo Pachuca,Radioescucha,Radio local
Acir 92.5 FM,Panorama Informativo Pachuca,Raymundo Valencia,Radio local
Acir 92.5 FM,Transmisión Especial,Redacción,Radio local
ADN 40,ADN Noticias,Otoniel Martínez,Radio nacional
AMX Noticias,Amx Noticias,Amx Noticias,Tv Nacional
Canal 12 Huejutla,Contacto Informativo M,Jackeline Vázquez,Radio local
Canal 12 Huejutla,Contacto Informativo M,María Antonieta Islas,Radio local
Canal 12 Huejutla,Contacto Informativo M,Taide Salazar,Radio local
Canal 12 Huejutla,Contacto Informativo N,Rubén Juárez,Radio local
Canal 12 Huejutla,Contacto Informativo N,Selene Ortega,Radio local
Canal 12 Huejutla,Línea En Alta Tensión,Juan Manuel Lagunes,Radio local
Canal del Pueblo,Transmisión Especial,Redacción,Tv Local
Canal del Pueblo,Vocales Radio,Alberto González,Tv Local
Canal del Pueblo,Vocales Radio,Aldo Falcón,Tv Local
Canal del Pueblo,Vocales Radio,Andrés Torres,Tv Local
Canal del Pueblo,Vocales Radio,Andrés Torres Y Alberto Gonzálezz,Tv Local
Canal del Pueblo,Vocales Radio,"Andrés Torres, Mikel Sarkis Y Alberto González",Tv Local
Canal del Pueblo,Vocales Radio,Citlalli Velazco,Tv Local
Canal del Pueblo,Vocales Radio,Mara Olvera,Tv Local
Canal del Pueblo,Vocales Radio,Milton Cortés,Tv Local
Canal del Pueblo,Vocales Radio,Radioescucha,Tv Local
Canal del Pueblo,Vocales Radio,Sarkis Mikel Jeitani,Tv Local
Canal once,Once Noticias,Armando Gama,Tv Nacional
Canal once,Once Noticias,Arturo Arellano,Tv Nacional
Canal once,Once Noticias,Karen Ballesteros,Tv Nacional
Canal once,Once Noticias,Guadalupe Contreras,Tv Nacional
Crystal 106.1 FM,Transmisión Especial,Redacción,Radio local
El Financiero TV,El Financiero Noticias,Carlos Barajas,Tv Nacional
El Financiero TV,El Financiero Noticias,Jassiel Valdemar,Tv Nacional
El Financiero TV,El Financiero Noticias,Óscar Mario Beteta,Tv Nacional
El Financiero TV,El Financiero Noticias,Sandra González,Tv Nacional
El vocero huasteco 1010 AM,Transmisión Especial,Redacción,Radio local
Enfoque Noticias,Enfoque Noticias,Poncho Gutiérrez,Radio nacional
Enfoque Noticias,Enfoque Noticias,Verónica Jiménez,Radio nacional
Enfoque Noticias,Enfoque Noticias,Mario González,Radio nacional
Enfoque Noticias,Enfoque Noticias,Alicia Salgado,Radio nacional
Heraldo Radio,Sergio y Lupita,Sergio Sarmiento,Radio nacional
Heraldo Radio,Sergio y Lupita,Guadalupe Juárez,Radio nacional
Heraldo Radio,Bitácora de Negocios,Mario Maldonado,Radio nacional
Heraldo Radio,El Dedo en la Llaga,Adriana Delgado,Radio nacional
Heraldo Radio,Maca a Diario,Maca Carriedo,Radio nacional
Heraldo Radio,Las Noticias con Javier Alatorre,Javier Alatorre,Radio nacional
Heraldo Radio,Zona de Noticias,Manuel Zamacona,Radio nacional
Heraldo Radio,Informativo Fin de Semana,Selene Flores,Radio nacional
Heraldo Radio,Informativo Fin de Semana,Heriberto Vázquez,Radio nacional
Heraldo Televisión,Heraldo Noticias,Arturo Vega,Tv Nacional
Heraldo Televisión,Heraldo Noticias,Dario Celís,Tv Nacional
Heraldo Televisión,Heraldo Noticias,Ivan Márquez,Tv Nacional
Heraldo Televisión,Heraldo Noticias,Javier Solórzano,Tv Nacional
Heraldo Televisión,Heraldo Noticias,José Miguel Velázquez,Tv Nacional
Heraldo Televisión,Heraldo Noticias,Lupita Juárez,Tv Nacional
Heraldo Televisión,Heraldo Noticias,Redacción,Tv Nacional
Heraldo Televisión,Heraldo Televisión,Blanca Becerril,Tv Nacional
Heraldo Televisión,Heraldo Televisión,Carlos Navarro,Tv Nacional
Heraldo Televisión,Heraldo Televisión,Hector Jiménez Landín,Tv Nacional
Heraldo Televisión,Heraldo Televisión,Héctor Jiménez Landín,Tv Nacional
Heraldo Televisión,Heraldo Televisión,Ignacio García,Tv Nacional
Heraldo Televisión,Heraldo Televisión,Juan Ignacio García,Tv Nacional
Heraldo Televisión,Heraldo Televisión,Mario Maldonado,Tv Nacional
Heraldo Televisión,Heraldo Televisión,Reporte H,Tv Nacional
Heraldo Televisión,Heraldo Televisión,Republica H,Tv Nacional
Heraldo Televisión,Heraldo Tv,Heraldo Tv,Tv Nacional
Heraldo Televisión,Horizonte H,Joel Soto,Tv Nacional
Heraldo Televisión,Horizonte H,Redacción,Tv Nacional
Heraldo Televisión,Milenio Tv,Jorge Martínez,Tv Nacional
Heraldo Televisión,Republica H,Ivan Márquez,Tv Nacional
Heraldo Televisión,Republica H,Noticias Heraldo,Tv Nacional
Heraldo Televisión,Republica H,Sofía García,Tv Nacional
Heraldo Radio,Solórzano Referente Informativo,Javier Solórzano,Radio nacional
Imagen Radio,Primera Emisión,Pascal Beltrán del Río,Radio nacional
Imagen Radio,Imagen Empresarial, Rodrigo Pacheco,Radio nacional
Imagen Radio,Negocios en Imagen,Darío Celis,Radio nacional
Imagen Radio,Análsisi Superior,David Páramo,Radio nacional
Imagen Radio,Tercera Emisión,Esteban Arce,Radio nacional
Imagen Radio,Segunda Emisión,Francisco Zea,Radio nacional
Imagen Radio,Ya Sierra,Yuriria Sierra,Radio nacional
Imagen Radio,Primera Emisión,Héctor Figueroa,Radio nacional
Imagen TV,Imagen Noticias,Nuria Gil,TV nacional
Imagen TV,Imagen Noticias,Adriana Treviño,TV nacional
Imagen TV,Imagen Noticias con Francisco Zea,Francisco Zea,TV nacional
Imagen TV,De pisa y corre,Paola Rojas,TV nacional
Imagen TV,Imagen Noticias con Crystal Mendivil,Crystal Mendivil,TV nacional
Imagen TV,Imagen Noticias con Nacho Lozano,Ignacio Lozano,TV nacional
Imagen TV,¡Qué importa!,Eduardo Videgaray,TV nacional
Imagen TV,¡Qué importa!,José Ramón San Cristóbal,TV nacional
Canal once,Once Noticias,Angélica Rivera,TV nacional
Canal once,Once Noticias,Luisa Cantú,TV nacional
Canal once,Once Noticias,Estefanía Quartino,TV nacional
Canal once,Punto de referencia,Azul Alzaga,TV nacional
Canal once,Once Noticias dominical,Tzindia Anabel Cerda,TV nacional
Radio Fórmula,Feregrino por las Mañanas,Manuel Feregrino,Radio nacional
Ke Buena 106.7 FM,Noticias 106.7,David Cárdenas,Radio local
Ke Buena 106.7 FM,Noticias 106.7,Radioescucha,Radio local
Ke Buena 106.7 FM,Transmisión Especial,Redacción,Radio local
La Huasteca 92.7 FM,Transmisión Especial,Redacción,Radio local
La Jacalteca 91.9 FM,Contenido Gubernamental,Yucundo Hernández Escudero,Radio local
La Jacalteca 91.9 FM,Transmisión Especial,Redacción,Radio local
La Poderosa Tuxpan 93.1 FM,"Nn Nuestras Noticias ""El Resumen""",Tomás Sosa,Radio local
La Poderosa Tuxpan 93.1 FM,Nn Nuestras Noticias Zona Norte,Gina Lorenzo,Radio local
La Poderosa Tuxpan 93.1 FM,Nn Nuestras Noticias Zona Norte,Liz Argüelles,Radio local
La Poderosa Tuxpan 93.1 FM,Nn Nuestras Noticias Zona Norte,Rodolfo López,Radio local
La Sultana de La Sierra 93.5 FM,Contenido Gubernamental,Javier Yáñez,Radio local
La Sultana de La Sierra 93.5 FM,Contenido Gubernamental,Joselyn Sánchez,Radio local
La Sultana de La Sierra 93.5 FM,Transmisión Especial,Redacción,Radio local
Mexiquense TV,Mexiquense Noticias,Abadiel Martínez,Tv Nacional
Miled 97.1 FM,Línea En Alta Tensión,María Antonieta Islas,Radio local
Miled 97.1 FM,Transmisión Especial,Redacción,Radio local
Milenio TV,Milenio Noticias,Ady Cabriales,Tv Nacional
Milenio TV,Milenio Noticias,Alma Paola Wong,Tv Nacional
Milenio TV,Milenio Noticias,Dany Martín,Tv Nacional
Milenio TV,Milenio Noticias,Gerardo Buque Lárraga,Tv Nacional
Milenio TV,Milenio Noticias,Jaime Núñez,Tv Nacional
Milenio TV,Milenio Noticias,Jonathan Galicia,Tv Nacional
Milenio TV,Milenio Noticias,Liliana Sosa,Tv Nacional
Milenio TV,Milenio Noticias,Luis Carlos Ortiz,Tv Nacional
Milenio TV,Milenio Noticias,Magda González,Tv Nacional
Milenio TV,Milenio Noticias,Redacción,Tv Nacional
Milenio TV,Milenio Noticias,Ricardo Solaback,Tv Nacional
Milenio TV,Milenio Noticias,Sandra Gonzalez,Tv Nacional
Milenio TV,Milenio Noticias,Sandra González,Tv Nacional
Milenio TV,Milenio Noticias,Víctor González,Tv Nacional
Milenio TV,Milenio Noticias,Víctor Martínez,Tv Nacional
Milenio TV,Milenio Noticias,Aarón García,Tv Nacional
Milenio TV,Milenio Noticias,Adrian Hernández,Tv Nacional
Milenio TV,Milenio Noticias,Alejandro Domínguez,Tv Nacional
Milenio TV,Milenio Noticias,Ana Lucía Ordoñana,Tv Nacional
Milenio TV,Milenio Noticias,Armando Martínez,Tv Nacional
Milenio TV,Milenio Noticias,Bertha Alfaro,Tv Nacional
Milenio TV,Milenio Noticias,Carlos Zúñiga,Tv Nacional
Milenio TV,Milenio Noticias,Elisa Alanís,Tv Nacional
Milenio TV,Milenio Noticias,Fernando Robles,Tv Nacional
Milenio TV,Milenio Noticias,Guadalupe Trejo,Tv Nacional
Milenio TV,Milenio Noticias,Héctor Zamarrón,Tv Nacional
Milenio TV,Milenio Noticias,Jorge Martínez,Tv Nacional
Milenio TV,Milenio Noticias,Josué Becerra,Tv Nacional
Milenio TV,Milenio Noticias,Mario Rodríguez,Tv Nacional
Milenio TV,Milenio Noticias,Miguel Puertolas,Tv Nacional
Milenio TV,Milenio Noticias,Milenio Noticias,Tv Nacional
Milenio TV,Milenio Noticias,Milenio Tv,Tv Nacional
Milenio TV,Milenio Noticias,Mónica Villegas,Tv Nacional
Milenio TV,Milenio Noticias,Norma García,Tv Nacional
Milenio TV,Milenio Noticias,Paola Barquet,Tv Nacional
Milenio TV,Milenio Noticias,Roberto López,Tv Nacional
Milenio TV,Milenio Noticias,Rodrigo Rico,Tv Nacional
Milenio TV,Milenio Noticias,Samuel Cuervo,Tv Nacional
Milenio TV,Milenio Noticias,Tania Díaz,Tv Nacional
Milenio TV,Milenio Noticias,Víctor González Garza,Tv Nacional
Milenio TV,Milenio Noticias,Wendy Salazar,Tv Nacional
Milenio TV,Milenio Noticias,Zelenny Ibarra,Tv Nacional
Milenio TV,Milenio Noticias,Pamela Villanueva,TV nacional
MVS Radio,MVS Noticias,Juan Manuel Jiménez,Radio nacional
NQ 90.1 FM,Enlace Hidalgo,Joselyn Sánchez,Radio local
NQ 90.1 FM,Enlace Hidalgo1,Jesús Riveros,Radio local
NQ 90.1 FM,Enlace Hidalgo1,Joel Sánchez,Radio local
NQ 90.1 FM,Enlace Hidalgo1,José Luis Lima,Radio local
NQ 90.1 FM,Enlace Hidalgo1,Juan Carlos Peña,Radio local
NQ 90.1 FM,Enlace Hidalgo1,Juan Carlos Santamaría,Radio local
NQ 90.1 FM,Enlace Hidalgo1,Radioescucha,Radio local
NQ 90.1 FM,Enlace Hidalgo2,David Cárdenas,Radio local
NQ 90.1 FM,Enlace Hidalgo2,Irving Sánchez,Radio local
NQ 90.1 FM,Enlace Hidalgo2,Jesús González,Radio local
NQ 90.1 FM,Enlace Hidalgo2,Jesús Riveros,Radio local
NQ 90.1 FM,Enlace Hidalgo2,Jorge Zamacona,Radio local
NQ 90.1 FM,Enlace Hidalgo3,Carmen Larrieta,Radio local
NQ 90.1 FM,Transmisión Especial,Redacción,Radio local
Radio Ahuatl 107.7 FM,Contenido Gubernamental,Alfredo Hernández,Radio local
Radio Ahuatl 107.7 FM,Transmisión Especial,Redacción,Radio local
Radio Disney 95.7FM,Contenido Gubernamental,Locutor,Radio local
Radio Fórmula,Fórmula con Juan Becerra,Ignacio García,Radio nacional
Radio Fórmula,Fórmula con Juan Becerra,Juan Becerra,Radio nacional
Radio Lobo 96.7 FM,Enfoque Regional Matutino,Rodolfo López,Radio local
Radio Lobo 96.7 FM,Enlace Noticias,Cgcg,Radio local
Radio Lobo 96.7 FM,Enlace Noticias,Gina Lorenzo,Radio local
Radio Lobo 96.7 FM,Enlace Noticias,Liz Argüelles,Radio local
Radio Mezquital 96.5 FM,Transmisión Especial,Redacción,Radio local
Radio Tlanchinol 94.1 FM,Transmisión Especial,Redacción,Radio local
Radio Urban,Noticieros Radn Noticiasio Urban,Redacción,Radio local
Súper Stéreo 100.5 FM,Enfoque Regional Matutino,Joselyn Sánchez,Radio local
Súper Stéreo 100.5 FM,Enfoque Regional Matutino,Radioescucha,Radio local
Súper Stéreo 100.5 FM,Enfoque Regional Matutino,Yoselin Sánchez,Radio local
Súper Stéreo 100.5 FM,Enfoque Regional Meridiano,Edmundo Pineda,Radio local
Súper Stéreo 100.5 FM,Enfoque Regional Meridiano,Jesús González,Radio local
Súper Stéreo 100.5 FM,Enfoque Regional Meridiano,Rodolfo López,Radio local
Súper Stéreo 100.5 FM,Enfoque Regional Meridiano,Rodolfo Ortiz,Radio local
Súper Stéreo 100.5 FM,Enfoque Regional Meridiano,Tomás Sosa,Radio local
Súper Stéreo 100.5 FM,Enfoque Regional Vespertino,Raquel Linares,Radio local
Súper Stéreo 100.5 FM,Enfoque Regional Vespertino,Yolanda Karina Pérez,Radio local
Súper Stéreo 100.5 FM,Panorama Informativo Pachuca,Eulalio Larrieta,Radio local
Súper Stéreo 100.5 FM,Transmisión Especial,Redacción,Radio local
Tele Urban,Noticieros Tele Urban,Redacción,Tv Local
Telefórmula,Joaquin López Doriga,Leopoldo Espejel,Tv Nacional
Telefórmula,López Dóriga En Fórmula,Joaquín López Dóriga,Tv Nacional
Telefórmula,Telefórmula,Azucena Uresti,Tv Nacional
Telefórmula,Telefórmula,Ciro Gómez Leyva,Tv Nacional
Telefórmula,Telefórmula,Con La Mañana Con Feregrino,Tv Nacional
Telefórmula,Telefórmula,David Galván,Tv Nacional
Telefórmula,Telefórmula,Erique Hernández,Tv Nacional
Telefórmula,Telefórmula,Formula Con Feregrino,Tv Nacional
Telefórmula,Telefórmula,Hans Islas,Tv Nacional
Telefórmula,Telefórmula,Israel Aldave,Tv Nacional
Telefórmula,Telefórmula,Juan Becerra,Tv Nacional
Telefórmula,Telefórmula,Juan Manuel De Anda,Tv Nacional
Telefórmula,Telefórmula,Luis Erick Ramírez,Tv Nacional
Telefórmula,Telefórmula,Manuel Feregrino,Tv Nacional
Telefórmula,Telefórmula,Maru Rojas,Tv Nacional
Telefórmula,Telefórmula,Michelle Rivera,Tv Nacional
Telefórmula,Telefórmula,Oscar Zuñiga,Tv Nacional
Telefórmula,Telefórmula,Por La Mañana Con Feregrino,Tv Nacional
Telefórmula,Telefórmula,Redacción,Tv Nacional
Telefórmula,Telefórmula,Wendy Salazar,Tv Nacional
Telefórmula,Telefórmula,Yoselin Sánchez,Tv Nacional
Telefórmula,Telefórmula,José Cárdenas,Tv Nacional
Telefórmula,Telefórmula Noticias,Joaquín López-Dóriga,Tv Nacional
Telefórmula,Telefórnula,Juan Becerra,Tv Nacional
Telefórmula,Hoy con Risco,Javier Risco,Radio nacional
Telefórmula,Feregrino por las Mañanas,Manuel Feregrino,TV nacional
Telefórmula,Azucena Uresti en Fórmula,Azucena Uresti,TV nacional
Telefórmula,Ciro Gómez Leyva por la Mañana,Ciro Gómez Leyva,TV nacional
Telefórmula,No son horas,Chumel Torres,TV nacional
Telefórmula,López Dóriga Informa,Joaquín López Dóriga,TV nacional
Telefórmula,Hoy es Risco,Javier Risco,TV nacional
Telefórmula,Eduardo Ruiz Healy,Eduardo Ruiz-Healy,TV nacional
Telefórmula,José Cárdenas Informa,José Cárdenas,TV nacional
Telefórmula,Fórmula Noticias,Juan Becerra,TV nacional
Telefórmula,Fórmula Noticias,Juan Pablo Pérez Díaz,TV nacional
Telefórmula,Leonardo Curzio en Fórmula,Leonardo Curzio,TV nacional
TV Cable hidalguense Canal 6,Contigo Noticias,Aldo Falcón,Tv Local
TV Cable hidalguense Canal 6,Contigo Noticias,Daniel Martínez,Tv Local
TV Cable hidalguense Canal 6,Contigo Noticias,David Cárdenas,Tv Local
TV Cable hidalguense Canal 6,Contigo Noticias,Edson Vélez,Tv Local
TV Cable hidalguense Canal 6,Contigo Noticias,Erick Iván Martínez,Tv Local
TV Cable hidalguense Canal 6,Contigo Noticias,Erik Nava,Tv Local
TV Cable hidalguense Canal 6,Contigo Noticias,Itzel Ortega,Tv Local
TV Cable hidalguense Canal 6,Contigo Noticias,José Luis Lima,Tv Local
TV Cable hidalguense Canal 6,Contigo Noticias,Juan Carlos Santamaría,Tv Local
TV Cable hidalguense Canal 6,Contigo Noticias,Katia Moreno,Tv Local
TV Cable hidalguense Canal 6,Contigo Noticias,Lesly Arreola,Tv Local
Ultra 102.9 FM,Transmisión Especial,Redacción,Radio local
Ultra 102.9 FM,Ultra Noticias1,Abner Yáñez,Radio local
Ultra 102.9 FM,Ultra Noticias1,Daniel Martínez,Radio local
Ultra 102.9 FM,Ultra Noticias1,Erick Iván Martínez,Radio local
Ultra 102.9 FM,Ultra Noticias1,Izza Hernández,Radio local
Ultra 102.9 FM,Ultra Noticias1,Jessenia Romero,Radio local
Ultra 102.9 FM,Ultra Noticias1,Juan Carlos Santamaría,Radio local
Ultra 102.9 FM,Ultra Noticias1,Radioescucha,Radio local
Uno TV,Uno Tv,Redacción,Tv Nacional
W Radio,Así las cosas,Gabriela Warkentin,Radio nacional
W Radio,Así las cosas,Carlos Loret de Mola,Radio nacional
XALTOKA 104.7 FM,Contenido Gubernamental,Víctor Hugo Espinosa,Radio local
XHCY 90.9 La que manda en Huejutla,Transmisión Especial,Redacción,Radio local
Ximai 103.5 FM,Contenido Gubernamental,Juan Carlos Peña,Radio local
Ximai 103.5 FM,Transmisión Especial,Redacción,Radio local
ADN 40,Noticias para Despertar,Nina Andrade,TV nacional
ADN 40,Noticias en Tiempo Real,Sarahí Uribe,TV nacional
ADN 40,Noticias en Tiempo Real,Viridiana Hernández,TV nacional
ADN 40,Así Amanece,Leonardo Curzio,TV nacional
ADN 40,Agenda adn,Juanpa de Leo,TV nacional
ADN 40,Ya Nadie Está Dormido,Luciana Waine,TV nacional
ADN 40,Ya Nadie Está Dormido,Javier Risco,TV nacional
ADN 40,Tu Mañana con Ellas,Mara Durón,TV nacional
ADN 40,Tu Mañana con Ellas,Vaitiare Mateos,TV nacional
ADN 40,Tu Mañana con Ellas,Valentina Rodríguez,TV nacional
ADN 40,A Quien Corresponda,Jorge Garralda,TV nacional
ADN 40,Es Negocio,Carlos Mota,TV nacional
ADN 40,Noticias en Tiempo real,Romina Ramos,TV nacional
ADN 40,Noticias en Tiempo real,Uriel Estrada,TV nacional
ADN 40,Tren del Meme,Velentina Rodríguez,TV nacional
ADN 40,Tren del Meme,Hernán Hochstrasser,TV nacional
ADN 40,Es Tendencia,José Luis Mora,TV nacional
ADN 40,adn Noticias,Claudia Echeverry,TV nacional
ADN 40,adn Noticias,Alejandro Brofft,TV nacional
ADN 40,adn Noticias,Otoniel Martínez,TV nacional
ADN 40,Ciudad Desnuda,Yunue Cuevas,TV nacional
ADN 40,Ciudad Desnuda,Silvana Rebolledo,TV nacional
ADN 40,Noticias en Red,Juan Manuel Jiménez,TV nacional
ADN 40,Es Noticia,Lucy Bravo,TV nacional
ADN 40,República MX,Roberto Ruíz,TV nacional
ADN 40,Hechos Sábado,Claudia Echeverry,TV nacional
ADN 40,adn Noticias,Óscar Hernández,TV nacional
ADN 40,Esta Mañana Contigo,Brenda Peña,TV nacional
ADN 40,adn Noticias,Max Espejel,TV nacional
ADN 40,adn Noticias,Tania Gómez,TV nacional
ADN 40,Hechos Domingo,Juan Manuel Jiménez,TV nacional
ADN 40,adn Noticias,Leonardo Herrera,TV nacional
TV Azteca,Hechos Contigo,Jorge Zarza,TV nacional
TV Azteca,Hechos Contigo,Alejandra Molina,TV nacional
TV Azteca,Hechos AM,Manuel López San Martín,TV nacional
TV Azteca,Hechos Meridiano,Alejandro Villalvazo,TV nacional
TV Azteca,Hechos Meridiano,Christian Lara,TV nacional
TV Azteca,Hechos,Javier Alatorre,TV nacional
TV Azteca,Hechos Sábado,Claudia Echeverry,TV nacional
TV Azteca,Hechos Domingo,Juan Manuel Jiménez,TV nacional
TV Azteca,Hechos,Leonardo Herrera,TV nacional
Foro TV,Las Noticias,Erik Camacho,TV nacional
Foro TV,Las Noticias,Yoselin Sánchez,TV nacional
Foro TV,Las Noticias,Humberto Blizzard,TV nacional
Foro TV,Las Noticias,Daniela Baeza,TV nacional
Foro TV,Estrictamente Personal,Raymundo Riva Palacio,TV nacional
Foro TV,Expreso de la mañana,Esteban Arce,TV nacional
Foro TV,Las Noticias,Karla Iberia Sánchez,TV nacional
Foro TV,Paralelo 23,Ana Lucía Ordoñana,TV nacional
Foro TV,Las Noticias,Eduardo Salazar,TV nacional
Foro TV,Las Noticias,Mariana Hernández,TV nacional
Foro TV,Noticias MX,Enrique Campos,TV nacional
Foro TV,A las 3,Noelia Jiménez,TV nacional
Foro TV,Las Noticias,Florencia de Rodas,TV nacional
Foro TV,Las Noticias,Fernanda Calderón,TV nacional
Foro TV,Las Noticias,Said Ochoa,TV nacional
Foro TV,En una hora,Karla Iberia Sánchez,TV nacional
Foro TV,Hora 21,José Luis Arévalo,TV nacional
Foro TV,Las Noticias,Julio Patán,TV nacional
Foro TV,Las Noticias,Arantza Ocampo,TV nacional
Foro TV,Las Noticias,Bertha Alfaro,TV nacional
Foro TV,Las Noticias,Santos Mondragón,TV nacional
Televisa,Las Noticias,Carlos Hurtado,TV nacional
Televisa,Despierta,Danielle Dithurbide,TV nacional
Televisa,Despierta,Enrique Campos,TV nacional
Televisa,Despierta,Eduardo Salazar,TV nacional
Televisa,En Punto,Enrique Acevedo,TV nacional
Televisa,Las Noticias,Bertha Alfaro,TV nacional
Telediario,Telediario Express,Norma García,TV nacional
Telediario,Telediario Matutino,Liliana Sosa,TV nacional
Telediario,Telediario Matutino,Ana Laura Alani?s,TV nacional
Telediario,Telediario Matutino,Ana Laura Alanís,TV nacional
Telediario,Telediario Matutino,David Medrano,TV nacional
Telediario,Telediario Vespertino,Jaime Núñez,TV nacional
Telediario,Telediario Vespertino,Fernanda Tapia,TV nacional
Telediario,Telediario Vespertino,Ana Balderas,TV nacional
Telediario,C4 en Alerta,Carlos Jiménez,TV nacional
Telediario,Telediario Nocturno,Carlos Zúñiga,TV nacional
Telediario,Telediario Nocturno,Paola Barquet,TV nacional
Telediario,Telediario Matutino FDS,Rodrigo Rico,TV nacional
Telediario,Telediario Matutino FDS,Monserrat Contreras,TV nacional
Telediario,Telediario Matutino FDS,Ricardo Solaback,TV nacional
Telediario,Telediario Vespertino FDS,Isa Ross,TV nacional
Telediario,Telediario Vespertino FDS,Rubén Carreón,TV nacional
Telediario,Telediario Nocturno FDS,Joel Valdez,TV nacional
Telediario,Telediario Matutino,Guadalupe Trejo,TV nacional
Radio Fórmula, Ciro Gómez Leyva por la Mañana, Ciro Gómez Leyva, Radio nacional
Radio Fórmula, López Dóriga Informa, Joaquín López Dóriga, Radio nacional
Radio Fórmula, Azucena Uresti en Fórmula, Azucena Uresti, Radio nacional
Radio Fórmula, Hoy es Risco, Javier Risco, Radio nacional
Radio Fórmula, No son horas, Chumel Torres, Radio nacional
Radio Fórmula, Juan Becerra en Fórmula, Juan Becerra, Radio nacional
Radio Fórmula, Eduardo Ruiz-Healy, Eduardo Ruiz Healy, Radio nacional
Radio Fórmula, Fórmula Financiera, Maricarmen Cortés, Radio nacional
Radio Fórmula, Fórmula Financiera, José Yuste, Radio nacional
Radio Fórmula, Fórmula Financiera, Marco Antonio Mares, Radio nacional
Radio Fórmula, Fórmula Noticias, Michelle Rivera, Radio nacional
Radio Fórmula, José Cárdenas Informa, José Cárdenas, Radio nacional
Radio Fórmula, Fórmula Noticias, Enrique Acevedo, Radio nacional
Radio Fórmula, Danielle Dithurbide en Fórmula, Danielle Dithurbide, Radio nacional
Radio Fórmula, Fórmula Noticias, Juan Pablo Pérez Díaz, Radio nacional
Radio Fórmula, Leonardo Curzio en Fórmula, Leonardo Curzio, Radio nacional
Radio Fórmula, Feregrino por las Mañanas, Manuel Feregrino, Radio nacional
Radio Fórmula, Juntos, Jaime Núñez, Radio nacional
La Saga,Me lo dijo Adela,Adela Micha,TV nacional
Milenio TV,Milenio Noticias,Pedro Gamboa,TV nacional
Milenio TV,Milenio Noticias,Víctor Hugo Michel,TV nacional
Milenio TV,Milenio Noticias,Francisco Villeda,TV nacional
Milenio TV,Milenio Noticias,Alejandro Reyes,TV nacional
Milenio TV,Multiverso,Ricardo Raphael,TV nacional
Milenio TV,Milenio Noticias,Gerardo Duque,TV nacional
Milenio TV,Milenio Noticias,Rubén Carreón,TV nacional
Canal del Pueblo,Hidalgo Noticias,Uriel Ramírez,TV local
Canal del Pueblo,Hidalgo Noticias,Citlalli Velazco,TV local
Canal del Pueblo,Hidalgo Noticias,Mara Olvera,TV local
Canal del Pueblo,Hidalgo Noticias,Alberto Pérez Landa,TV local
Canal del Pueblo,Hidalgo Noticias,Alejandro Avendaño,TV local
Canal del Pueblo,Hidalgo Noticias,Miguel Serna,TV local
Canal del Pueblo,Hidalgo Noticias,Belinda Pérez,TV local
Canal del Pueblo,Hidalgo Noticias,Karina Atanacio,TV local
Canal del Pueblo,Hidalgo Noticias,Orlando Betancourt Castaño,TV local
Canal del Pueblo,Hidalgo Noticias,Fernando Lozano,TV local
Canal del Pueblo,Hidalgo Noticias,Flor Ivonne Hernández,TV local
Foro TV,Las Noticias,Javier Martínez,TV local
Milenio TV,Milenio Noticias,Joel Valdez,TV local
Foro TV,Las Noticias,Natalia Sánchez,TV local
